Ethnicity (Simplified),Sex,participant_id
White,Female,Padg66kOWD
Mixed,Female,Qro5ipfF58
CONSENT REVOKED,CONSENT REVOKED,JZRDswLxyT
Mixed,Female,nSPs1tJsZ9
White,Female,Lnu4G3St6E
White,Male,G8EtHNAdup
Mixed,Female,QcbbdUHWag
Other,Female,v13fWn3lzs
White,Female,gnA4XZSU2x
Mixed,Female,F9eVxm6AH9
White,Female,o7VOtdV65A
White,Male,YzARTEh3Fq
White,Male,bPF6fo4veo
Asian,Female,DaQk3oswBU
White,Male,2AlypUB6Df
Black,Male,OazXdl7GFH
White,Male,gT781kbSZl
White,Female,XS7ISb0uSF
White,Female,MasNDGWQ6p
Mixed,Female,a5PXCPKgrE
White,Male,oY9XhIJcQ5
White,Female,W2saC6xB1G
Asian,Male,e2Y9acw60W
CONSENT REVOKED,CONSENT REVOKED,08Bc0ASH3g
White,Female,pI8eeGiSRh
CONSENT REVOKED,CONSENT REVOKED,JUOuo2RZb5
White,Male,Zz3nlKiPOK
CONSENT REVOKED,CONSENT REVOKED,9ni4NK051M
White,Female,UDjN1BvjXW
Black,Male,keRblvGaC2
White,Male,uHwFTmU2Pc
White,Female,6F459lY8as
White,Female,MiAC6fM028
CONSENT REVOKED,CONSENT REVOKED,itCSxp768v
Black,Female,mmihYiqV0a
White,Male,DTRk4ZXKjL
White,Female,KVgkzaVy4E
White,Male,l1GfgOGroU
White,Female,1o0mHmujuI
White,Male,p0prOptWFA
White,Female,iOLtJOYLjJ
White,Female,XvqYLj3H4d
White,Male,AXvBJ8Tc1X
CONSENT REVOKED,CONSENT REVOKED,HaSnfSzFNf
White,Female,xhlVTcpaay
Asian,Female,D4Dirg2ZpF
White,Male,3fgcsH3bnq
CONSENT REVOKED,CONSENT REVOKED,xvP0nPuCQO
White,Male,HE99UXx5Yg
Asian,Female,F8lhMbGes9
White,Male,OiMJuuh7SA
CONSENT REVOKED,CONSENT REVOKED,FmKQMEoQqU
White,Male,LC3cpzCyjn
White,Male,POztmWqXg9
White,Male,3w8fsxTUdu
White,Male,GVKxN2dhUk
Black,Female,fwKX6mzmXX
White,Female,tGGkK9UFNY
White,Female,OCvEBiiiJz
White,Female,H9y1BWsuh2
White,Male,6gGbEj8H24
Black,Male,oEJrpDCJ6D
White,Female,W3isZJ4a6m
White,Male,8uw8yZdf97
White,Female,NrN0dja0nm
Mixed,Female,UScBJ2BcAy
White,Male,mg8PxKRs1D
White,Female,L17DvQpfWI
White,Female,BVeFdYHUPU
White,Male,6IXfJVxfPw
White,Female,9NZSKjSllp
Mixed,Male,JjEXSmtWio
White,Male,8on8MXGEAG
White,Female,lZ5LtE9CJu
White,Female,1ssRLdtcuH
White,Female,dOO4Naw7Bz
Other,Female,vvHdIsRxHm
Asian,Female,2mzVNfp2ks
White,Male,BqhUoAJK2v
White,Female,H7WZD09Zei
White,Male,nt5AwPUqty
White,Male,LpDcAkDTcu
White,Female,6tU3SlrJse
White,Male,KtjvJrRDmk
CONSENT REVOKED,CONSENT REVOKED,7spHspWc1n
White,Male,QIVZL3emR1
White,Female,lj113DvGQE
White,Female,jBJmtfgOSM
Asian,Female,h3nc0BflPp
Black,Female,7lJZC0FAN2
White,Female,B8jpKH7xPh
White,Female,pVYhQcX12M
White,Male,S5DStS6bJ2
White,Female,QbuN1umeAu
White,Male,N6yolSRZAt
White,Male,lcfinqK15v
White,Male,grcFhnXHCH
White,Female,GllvfHT66M
White,Female,H50KqZPHrk
White,Male,bJ1hZrKZ9K
White,Female,F0I2eBvU60
CONSENT REVOKED,CONSENT REVOKED,j2rnqEKjrk
White,Male,4W7DluutAY
White,Male,7xGAkYGXLF
White,Male,QQf2F8w0F1
White,Female,ZVNaVHkbdc
White,Female,HyNiHFxg1f
White,Female,KC558updiI
White,Female,5VCcIUnqcZ
White,Female,x4F9ax4OeI
White,Male,4cKKRSYz3C
White,Male,FsixOiqK9Y
White,Male,Ka8d5kyBGU
White,Male,kswPwHrk3I
White,Female,whqzGd84hQ
White,Female,FGuidGNAIT
White,Female,y4lFKIMYl2
White,Male,2p4sOyuroB
White,Male,kVn2tiCEBN
CONSENT REVOKED,CONSENT REVOKED,ue0ogBlUNB
White,Female,12ikUyNcvc
White,Female,aazQ2hjOnj
CONSENT REVOKED,CONSENT REVOKED,bWBqFqSDj8
CONSENT REVOKED,CONSENT REVOKED,12aNQB42Ym
White,Female,pvKuQZKnmw
Black,Male,GmyGRrg3DJ
White,Male,HSHtG7NwNS
White,Male,Iw8qysYYSE
White,Female,bgD00T22fB
CONSENT REVOKED,CONSENT REVOKED,bnJQM1t9wX
White,Male,CHRAFupryr
CONSENT REVOKED,CONSENT REVOKED,BUfoiQrLNG
White,Male,UlvmPTmCTN
White,Female,CpPomuGmx9
Asian,Male,yiTLJpnt7l
White,Male,GaeajaNoEw
Asian,Female,ccygChmTEL
White,Male,8Oc2u4Ietf
CONSENT REVOKED,CONSENT REVOKED,SRAt6lZ4HE
White,Male,zj2cFFuXOH
White,Female,ZYJbmPRVfD
White,Male,amd3wLj8Mb
White,Female,LIljewceoq
White,Female,lU2rABsYCC
Other,Male,p6VdvNMyby
White,Male,n6YwMgrNFa
White,Female,ABlwivStX5
White,Male,kiIjrD2EwD
White,Female,u08Lc1LNUE
White,Male,oekZegFgY2
White,Female,c9oJCkEihO
White,Male,LQtm4hFxCO
Asian,Male,CK2mM80rFP
White,Female,fIEZZN37OL
White,Female,VQJthUV8SK
Black,Female,RflNJG4Vrn
Mixed,Male,C1BCr1FwIV
White,Female,YuWsXz4I0z
Mixed,Male,CuWkvrvB0x
White,Male,LeNHcsqs1V
White,Male,h0i0LjdX8T
White,Male,vJRjxmPEMu
White,Female,TeUDcKy2wI
White,Male,BiTpfanVpT
White,Male,RpLZSZSCvT
White,Male,HilwPSpyDJ
White,Female,Vl5tAQfdFj
White,Male,CuHY1q956h
White,Male,AsdJZdD8zl
White,Female,bCFWb2g2lX
White,Female,qy3y62MIn0
White,Male,DKEfFh0iM6
White,Male,vQpOiaSKdR
White,Female,wy7SOiAmip
Black,Female,3lj6zkcZ2J
CONSENT REVOKED,CONSENT REVOKED,8EqGhyEMDO
White,Female,ZbXgU4DmYJ
White,Female,HOT3cjpCud
White,Female,CG2LD2ADrh
White,Female,y4U1JvVM1n
White,Male,uBpLyD7Fs3
White,Female,PfFHTNmga6
White,Female,aUBcGHU6pJ
White,Male,XPLxvqmks0
White,Female,YAwhq3uH7y
White,Male,xuTwzek39M
White,Female,VRCTzkiJIc
Black,Male,tXrlkyFeKK
White,Female,m4q4R8YQI2
White,Male,aE2keBn18n
White,Female,uViBRxKeXA
White,Female,9nl9y6RHaa
White,Male,PZshOFdC6p
Other,Male,xrdZGVrMKI
White,Male,Kpp89fp4EF
White,Female,RD4xE81EOn
White,Female,HUelkfFpUe
White,Male,Ie20zWlVIw
White,Male,FDngfEeGsC
White,Female,1nzxeSVMH7
White,Male,FKe3cJ1Pmz
CONSENT REVOKED,CONSENT REVOKED,Mqej6Ts5e9
Asian,Male,M1GiP1yPBw
White,Male,Jkn477hxCM
White,Male,X6GUu7BiDZ
White,Female,SZEejq3rLd
White,Female,ngNykpsKfP
CONSENT REVOKED,CONSENT REVOKED,lffG8AshTJ
CONSENT REVOKED,CONSENT REVOKED,OGizaR2U88
White,Female,YNLJbeSpFP
White,Female,UOWo3f4VS1
Black,Female,RVUoVwIUnL
Black,Female,wgMXSn6cmV
Black,Male,7cwQ3tQuEl
White,Female,Vmv3h6hWRO
White,Female,9oUoBR4W1y
White,Male,LKU1r9ISUb
White,Male,M50NwUcn4c
White,Female,QHojsVAES1
White,Male,p7RO3rqYns
White,Male,HdxcnRF1Ls
White,Female,1Pgi2xVEFU
Black,Male,4pf7DulDns
White,Male,gkwRh5uIhU
Mixed,Female,UiC7soKQzG
White,Female,grxmolezBr
White,Female,Plo8lyipCN
White,Male,YBwqTaSjp3
White,Male,x5i8HwTikl
Black,Male,pEOElx7VKq
White,Female,FE5L0aRBmc
White,Male,btKBNAdmXD
White,Female,R82o0IcLiE
White,Female,IPh6rzvnO9
White,Male,sdUzUIruNz
Asian,Male,MzrQ4CGHW2
White,Female,N8wyfirDCF
Black,Male,pPgEyvwif0
White,Female,z1OV2HnpO1
White,Female,P8DXW3lKpD
White,Male,3dRbpBTkT3
White,Male,ejCzyY50mP
White,Male,Hb8ANCl6cF
White,Male,v4s3vM90U0
White,Male,ygxA0xSDnT
White,Male,0891MJdauz
White,Male,WaiSW3X7YX
White,Female,6b0fRwc0I0
White,Male,OPaUsoQe6M
White,Male,78vPMRHzzO
White,Male,tYKgvkUwYP
Black,Male,QaRwbpgEwL
White,Female,D4mQ8izosp
White,Male,jGIGGR2Vwz
White,Female,mzvjLMQlQu
White,Male,tNLIRQ9AcN
Other,Male,5RwZTTLDRC
White,Female,p3CJsEGykR
White,Male,JzXrP1SuEy
White,Male,K2H4cCdndF
Black,Male,dcSnbVSVzm
CONSENT REVOKED,CONSENT REVOKED,tJy1FIc8tX
Asian,Male,PaGjGHKOw3
White,Female,2OZgTpOLss
Mixed,Male,27tMcTk1D9
White,Female,lItEEO8ogO
Black,Female,KHhfzyBuSN
Mixed,Male,slK6iT7MX7
White,Male,tcQEPAzWke
Black,Male,l9T9o8aWr6
CONSENT REVOKED,CONSENT REVOKED,n95sWJ1MRY
Asian,Female,tDGWPQUeNR
White,Female,MURVJR7Hbh
Black,Female,SDQ26Y4ABS
White,Female,Sz0mLWeeit
White,Male,LmnDo9nRw1
White,Male,QmFNfOaxFr
White,Female,54d15C1vJT
White,Male,pClsRmEkRg
White,Female,BVSObNkZCu
CONSENT REVOKED,CONSENT REVOKED,38Qf59PyYa
White,Male,0G0OjPkyps
White,Female,7CeT0ItE8x
White,Female,o90URj2wUA
White,Male,QMm2IsmCFM
White,Male,WQWhuVfZsN
Asian,Male,w08GWoQcyx
CONSENT REVOKED,CONSENT REVOKED,2AT4FYgjhw
White,Male,46QVOQRNoO
White,Male,ckyDw2clIx
White,Female,JuNJz2lf4f
Black,Male,jTf8IoBLx1
Black,Female,fRxzITS2w9
White,Male,bSTzRdTweL
White,Male,udCWTZE8ZE
White,Female,k1WKfaFmNO
Mixed,Female,lMoi8zIFt2
White,Male,4GFoBfMwY4
Black,Male,dMOoVj2M2t
CONSENT REVOKED,CONSENT REVOKED,aeduU8JROp
White,Male,QxNQVeZ0UZ
CONSENT REVOKED,CONSENT REVOKED,OSf4nFOnOA
White,Female,wTS49fdP3o
White,Female,XACbuWYRYx
White,Female,MTTksw3Irq
White,Female,YaNYzGn6By
Black,Male,Oqn6buDZuV
Black,Female,t9eU1js5yI
Other,Male,EJdqLmnYfa
White,Male,CaMJ9eLkbW
White,Female,m41Om1KZdY
White,Male,ddi6WCFSrW
CONSENT REVOKED,CONSENT REVOKED,MGXjgVSPJr
Black,Female,CDPP6rCjS7
White,Female,ObU3vPRl1F
CONSENT REVOKED,CONSENT REVOKED,SWoBiqwipB
White,Female,7WS1VevMwN
White,Male,F1LEfeeTwH
White,Female,UdzsBTP8Jd
White,Female,NEBHLaQ4S0
Black,Female,zwFsK8CW7w
Black,Female,gkV08vzzrJ
White,Female,Yu5zivDbu9
CONSENT REVOKED,CONSENT REVOKED,iFZcwNOtgj
CONSENT REVOKED,CONSENT REVOKED,NTgeJuLOJd
White,Male,5WR8nKPxcm
Asian,Female,5mj6OI2d8A
White,Female,1wTG20H2Hq
White,Male,1Ykf4n3y0f
Black,Female,mzXG2qfBDO
White,Female,7i5SLaGM57
Black,Female,n4pFbVCHdA
Asian,Female,FPRSHQl1Cm
White,Female,mS3vp2yiBy
White,Female,kr50TTKmvo
Black,Female,4xn3n2Qazi
White,Female,iDuv08JyUA
White,Male,0RP6zUcCKP
CONSENT REVOKED,CONSENT REVOKED,72RRc1uelD
Black,Female,UhHHXJcx8C
Black,Female,zL0Htw31sc
CONSENT REVOKED,CONSENT REVOKED,3uJT8kKli9
White,Female,H9bu9yeVAK
White,Male,3K6MD0ELp7
White,Female,iLbZGhC7iM
Black,Female,kWcV3HuCOk
Other,Female,LnPYVyCJXE
Black,Female,BjeVrCikFG
Black,Female,fyHYIuGBey
CONSENT REVOKED,CONSENT REVOKED,o3cJrIMmm6
Black,Female,vSNWHkog2m
Mixed,Male,FBophG4kxc
Black,Female,eLAHoTFzJw
Black,Male,UBcTj40YG3
White,Female,JPBhiuI0Br
Other,Male,cGaGzenfQM
White,Female,DiwNTFKlT7
Black,Female,6IMTZVXLR5
Mixed,Female,LnFSVrO3x9
Asian,Male,2AkGQqjyKq
White,Male,89LXu0m9gZ
White,Female,yoHdgnKfC6
White,Male,63oTF3u2Jw
White,Male,z27LAgnL6w
White,Male,uPJgjaPpKW
Asian,Male,xAGFCzkkXr
White,Female,HfDrwGaDOn
White,Female,yaLpsatFCf
White,Female,AbaruQJF0O
Black,Female,2UHozvJFys
White,Female,0S99NmMxQF
White,Female,KktEb0RggL
White,Male,R19zzyRQ1g
White,Female,8WUV8pplnd
Black,Female,sGBM7HVkpj
Asian,Male,V06bkjUqN5
Other,Female,18CJosdqb0
White,Female,O4KZJseE3N
White,Male,DeSDr9gR9K
White,Female,8aPVuRqnaH
Black,Male,3Qtnyr4GLh
White,Male,IQew5NpA39
White,Female,af81wtexC8
CONSENT REVOKED,CONSENT REVOKED,Yk1tXDp1Hp
Asian,Female,op6LFfT5Bt
White,Female,9XabYJxIrW
White,Female,nvjHWLAt9u
Mixed,Male,EQBlNqmsic
White,Female,wIIUM9c4QX
White,Female,pekuw0Z1pN
Black,Male,GA14QUnXdH
White,Female,WBLY2kIy5R
CONSENT REVOKED,CONSENT REVOKED,1EVkVweIfR
White,Female,3cbeNPRkWt
White,Male,7EqsgyUHRw
White,Male,inkwYFyNLW
Black,Female,UTB2PFOiOT
Asian,Female,cs4q3MDC2D
CONSENT REVOKED,CONSENT REVOKED,Bx93tVeWU8
Other,Female,xWTq2razfr
White,Female,T4LG3PKlYR
White,Female,Mq3vIlDta0
White,Male,9cA9P9lqhA
Asian,Male,Rf94etnNfj
White,Male,0mt5yLhudl
Other,Female,Ue1tUAIv90
White,Male,FSouI56GhD
White,Female,Z8qqx0kDti
White,Male,idoVYqGt7X
White,Male,aQcr2JEbj9
Asian,Female,3u1Llw7d0v
Black,Male,V167MQM7rT
White,Male,8oph65CpEW
White,Male,RdK6H5uWPZ
White,Male,tg7iSGsg1b
Other,Female,Z62HZcc6AV
White,Female,jzskWLSbvo
Asian,Male,AXXYm91jUF
White,Male,yppQh8Zm2y
White,Male,MboNJ09A5s
Asian,Female,QPKnw9A2pc
White,Male,CUBpH4Z4iI
White,Male,yG7uDfWR1M
White,Male,fERNyguqmg
Black,Male,fwBtnLyvgp
White,Male,PN6C7RvhbM
Black,Male,A0hWckChT7
Asian,Male,KJjqOqOtZ0
CONSENT REVOKED,CONSENT REVOKED,ZWAj9Ztlcz
White,Male,G38GAauKWZ
Mixed,Male,gtXZHFNDcK
Black,Male,yWpMFA6fXH
Asian,Male,ErZOond6G9
Black,Male,ohcCftFl97
UNK,Female,zuoBO2i0Sf
UNK,Female,D0dAEA8xbp
UNK,Female,t0TVLB9WNp
UNK,Female,GFrg6VI8yh
UNK,Male,RuKJVdjUV8
UNK,Female,ytUQa8o8YA
UNK,Female,h0GYAhDAsf
UNK,Female,Fwur1aAlQl
UNK,Female,8aDewqd9Zr
UNK,Male,Q11XZpcsbA
UNK,Female,1SJOiD2eHA
UNK,Female,Y1Hd4oNGnJ
UNK,Male,evo83qbQBE
UNK,Male,HogujP7SEX
UNK,Female,C8T5fZFaLM
UNK,Female,TqyYD2Nk8g
UNK,Female,STIiABocik
UNK,Female,tzyP65xctY
UNK,CONSENT REVOKED,69WCarOJk7
UNK,Female,zU1WS46y98
UNK,Female,DxNmsD3XW7
UNK,Female,5OP5vix6n9
UNK,Male,Zx8qO4p1Ut
UNK,CONSENT REVOKED,u3GUMGqJSz
UNK,Female,EWUzNehImy
UNK,Male,pp6kZWF4pc
UNK,Female,zi1pLHI4nS
UNK,Female,ZZoGe1r3a3
UNK,CONSENT REVOKED,Cs6XdbvuyL
UNK,CONSENT REVOKED,STKv2cyL1d
UNK,Female,oqFxpame7U
UNK,Female,wMjLk2b03m
UNK,CONSENT REVOKED,MzYP6WZJNE
UNK,Male,gTGkmPvmvf
UNK,CONSENT REVOKED,xQj6oPjO2O
UNK,Female,VDV5BAXenL
UNK,CONSENT REVOKED,NfIn7wnVZH
UNK,Male,esltwZMoE7
UNK,Male,9jhyvbVA6Y
UNK,Female,EHIoXuguRl
UNK,Female,SOS120ROUv
UNK,Male,dCmeSom0Eo
UNK,Male,Az52xhe9n8
UNK,Male,L1Ly8HSGYb
UNK,Male,ivPmKI0875
UNK,CONSENT REVOKED,1KGR5Cp9Nr
UNK,Male,k1842m7T5L
UNK,CONSENT REVOKED,5JjcKqg9qL
UNK,Female,9mbb5OSqEK
UNK,Male,7QvzBjEphJ
UNK,Female,WeeS3QSzIS
UNK,CONSENT REVOKED,oveNfboKdU
UNK,Male,JU3UZtskex
UNK,Male,JRhFOfkBJp
UNK,Male,xOXqOLtTJU
UNK,CONSENT REVOKED,uoCPvUjr42
UNK,CONSENT REVOKED,66DlKDMHSa
UNK,Female,IO7L6BxUoL
UNK,Female,iG6dbXuOg9
UNK,Female,4ZlArknC1m
UNK,Male,KOyTi8fPeU
UNK,Female,va6HRn4pX0
UNK,Female,VzhCAuPNmj
UNK,Female,33n6Q4Z7lE
UNK,Male,EuuWVQedo8
Black,Female,0XI53xzzdx
Black,Male,psvgHsMwdi
Black,Male,rV8uPX1hWm
Black,Male,DFjcK0oGUD
White,Female,dm8B4DK5cA
Black,Male,G0Z6xncotj
Black,Female,hWeDb5xF1k
Asian,Male,rBYWNjyauW
CONSENT REVOKED,CONSENT REVOKED,7EZbL15x45
Black,Female,7taaTipiQ0
White,Male,mxodCqdkDn
CONSENT REVOKED,CONSENT REVOKED,gwf5bRTbUz
Asian,Male,awmrOSFBRw
White,Female,WPpNVqIh6M
Asian,Female,QpbHtZHU05
Asian,Male,Dtmh5UhwDy
CONSENT REVOKED,CONSENT REVOKED,JI6NXaf1Kj
White,Male,EPbQrzkmrZ
White,Male,9aTPedj6fz
White,Female,tRsOngEx3W
White,Male,w6uQY8rY2a
White,Female,AvHom0Mhf4
White,Male,Wm9CPcpaGw
White,Female,wl3zdlffmU
White,Male,LZkw7NoQH5
White,Male,tAG7Xm8BJa
Other,Male,fILpvVd3nA
Asian,Female,p5YtsMPuqV
White,Male,MqhSar0kZd
Asian,Male,Q2q9HRlzOg
White,Male,dPD7pqONx0
White,Male,N30OvZR5sE
Asian,Female,rwvFSRup4S
Asian,Male,wEHGMX3gY6
White,Female,ZveKyH69TV
White,Female,RHuEc9knx0
White,Male,6f6mMKYE71
Black,Male,IRWbi1iBc7
Asian,Male,5wqVQSwnS8
White,Female,mo2OwH85Xo
White,Male,ZDm5oz0eEm
Asian,Male,2ZisOwNioT
White,Male,otDuiqvuZk
Asian,Male,l3G925lNCu
Black,Female,aDzWe90y2V
White,Male,UXkItGMi6k
White,Male,giM9mKVbCS
White,Female,Qfkvvn1dcA
White,Female,ZeSyAZUefp
White,Male,mR0KeXwuCX
White,Female,OSTRqic33w
Black,Male,Fi9aA8mRyM
White,Female,2m3VV9HwPH
White,Male,VLmTx6Dq5a
Mixed,Male,qYJVpGwipB
Asian,Male,oWNY0tHgj0
Other,Female,PofJPOEsPB
White,Male,K4XLpnEsRF
White,Female,O4ypuIq0QT
White,Female,Tu1CbfCNQR
White,Female,qdhYSyPYvV
White,Female,DHz4zeaXZ2
White,Male,vpkCrcp3rB
White,Female,kXKm2n82CC
White,Male,VWJUOLXYmO
White,Male,LxcAwyFskv
White,Male,LejQgyiWzV
White,Male,4HRLaGUhxH
White,Female,aN4W0YXmg2
CONSENT REVOKED,CONSENT REVOKED,3qOSQeZgT0
Mixed,Female,3LfU4yS8fs
White,Female,dojOGThTXX
White,Female,iTsD3cMwlV
White,Female,jssolbxU5H
White,Female,lrhrwsaZUI
White,Male,D4kKRu9qtk
White,Female,vAFFSBnNcj
Asian,Female,Jj9pn83VdO
White,Male,1KnKiW4PXC
White,Female,lwXAQsYh1Q
White,Male,ladbQj1EF5
White,Male,om8W6KhRwL
White,Female,YI9S66HLBa
White,Male,ChxcxvtfpO
Black,Female,TF1vgsedij
CONSENT REVOKED,CONSENT REVOKED,RZeTDknkyv
White,Female,ONl2NP8VEs
CONSENT REVOKED,CONSENT REVOKED,92B8xCq7j4
White,Male,aiTeC1YTrV
Black,Male,8LLO3yUVxZ
White,Female,hmZp68UcxB
White,Female,hsJ22ACAXl
Black,Male,hJVWvevaC8
Black,Male,1Nk3XC9Qri
CONSENT REVOKED,CONSENT REVOKED,KWa6SXX33T
White,Female,qx7kJ3E8iB
White,Female,dKUvTUG0OE
White,Male,cmLRPFvMs1
White,Female,ppQkLi5plz
White,Female,QzPX16hUOX
Black,Male,nqAS8iwBtY
CONSENT REVOKED,CONSENT REVOKED,dlf7VFnNub
White,Female,wPeiDmmsYu
Other,Male,Vdi3GbSAUL
White,Male,AqTAdLW3I4
White,Male,dDOfFfVe07
White,Female,mQYiRAi8LV
CONSENT REVOKED,CONSENT REVOKED,VFQ7XS3T0H
White,Female,JkMe6CSKGH
White,Male,YH4IiWgzfY
White,Female,mEqeD7XkcS
Mixed,Female,H1rG7CQAxJ
White,Male,nMQonX2Dq5
White,Male,BB4NQrN7M7
White,Male,liWqf3Axxk
White,Female,oLqD6Dbrti
White,Male,0ISyOVQ9IU
White,Female,9L825OLCy0
CONSENT REVOKED,CONSENT REVOKED,YZknpWWCGr
White,Male,cbqCyWYnNR
Black,Female,iLKEyCR4f5
White,Male,njq36ajvZa
White,Male,KJNDG6A8bz
White,Male,otVJjSN3MM
White,Female,ycGul5gyRs
White,Female,bKLzLuG6sB
White,Female,bEJADHJ7Uv
White,Female,D9CrqkRzHd
CONSENT REVOKED,CONSENT REVOKED,MZhxxYL7mT
White,Female,yGyU10Utk9
White,Female,JyhcgEnJyb
CONSENT REVOKED,CONSENT REVOKED,L9O5AdDPjI
White,Female,NNgLnbDU6u
White,Male,aFsN6jb16X
White,Female,wRS0IiIu2O
White,Male,n8i2L8Dq5t
White,Female,kTBfyKAbw0
White,Female,xyxqXb2JbN
White,Female,p43Xyb5PyW
White,Female,tZuV8d9VK8
White,Female,yXCOIXHZ7A
White,Female,FHqCH4atA9
White,Female,eZjAZS6wWq
Other,Male,UTXuSrFVJD
White,Female,a6iu9COGEi
White,Male,VfWbQ0lv7U
White,Male,VBRwclYjxf
White,Female,b63bs0uXsZ
CONSENT REVOKED,CONSENT REVOKED,smXK8CGPN4
White,Female,qViGeBhU5R
White,Male,Gu6x2pXvPb
White,Male,0mbTjHrYMC
White,Female,rFRv9UuUMR
White,Female,5VgmgjAq3H
White,Male,GeOAAOLsIz
White,Female,1K1rODQfIP
White,Female,5Q3hXCnmoT
White,Female,s371O2Fqbk
White,Female,z2H4UQaqK1
CONSENT REVOKED,CONSENT REVOKED,ACvj9MDXlc
White,Male,oOTfZpbkPL
White,Female,qgjNj3k21W
White,Male,3jrMVmI4Ij
White,Female,rkgWV8qJpB
White,Male,QoGt5iPIVD
White,Female,GcfcHkAVcF
CONSENT REVOKED,CONSENT REVOKED,StzdUSbQvk
CONSENT REVOKED,CONSENT REVOKED,l1gSNQCqht
White,Male,TqnPOiL4VX
White,Female,VFTnEsKClT
White,Female,2ocnX20cCM
White,Male,hAeknPAx0I
White,Female,PVWZSEnigZ
White,Female,R5EekoQOCi
White,Male,LMj49m4yNr
White,Female,eWMmHJZPet
White,Male,zPaL3PxIub
White,Male,frajL00jAH
White,Male,x7r3CWrhXY
White,Female,ZGRVUdO2Km
White,Male,6UjJkLGXQK
White,Female,cNv6EbcpL0
White,Male,oQyigwUUco
White,Female,PsHvixRdBW
White,Female,7Kmm36L4Z9
White,Female,BdAD5cT7ld
Other,Female,niwMQgsCDz
White,Female,ITXDYSdEUi
CONSENT REVOKED,CONSENT REVOKED,mmcussicbM
CONSENT REVOKED,CONSENT REVOKED,Xg84yoh0r0
White,Male,eSo2qzICLp
White,Male,olAB6IOzfD
White,Male,FdolesxwVP
White,Female,5GWXlxCFFn
White,Female,Z4IYOUT8wK
White,Male,JbPz8BbHPq
White,Female,AtEfwjh9pw
White,Female,mcDwuNAlQ6
White,Female,7qLUgZhKnk
White,Male,i9jmY9mQHs
White,Male,dI6zkeGanW
White,Female,PB976TMCJ0
CONSENT REVOKED,CONSENT REVOKED,I4HfktLuyT
White,Male,5AJirDg1E3
White,Male,0YshS1d1jn
White,Female,Ntay3dpv6i
White,Female,OOjW9MnbRE
White,Male,kij4yvSsFk
White,Female,p3FSIEnbjM
White,Female,meDDFvfN0q
White,Male,LZrjOxR2NJ
Black,Male,OiJpsGHh6j
White,Male,IRYxaHm95t
White,Male,r72CqHufCP
CONSENT REVOKED,CONSENT REVOKED,Z1EvxJzznQ
White,Female,VwM3zcbfAf
White,Female,E8UI9oiKdY
White,Male,fwsj7wHyPE
White,Male,vbXoCFO22R
White,Male,1pXmAn4aY2
White,Female,NbeS35SLwL
White,Female,qUFgBhPj5W
White,Male,MFn2vKqdVJ
White,Male,fz1YKhC1zy
White,Male,mT68FuMFts
White,Male,mbQZLSo1Jt
White,Male,8r5MWMFCTS
White,Female,ua0kCZW5Ae
White,Female,yFLdIBxEEO
White,Male,DmL0LDsxWT
White,Male,x7UcrEEuZf
White,Male,CKhyxDkV7j
White,Male,NBSSnhHDEc
Mixed,Female,dpuijlZnxo
White,Female,okwknfDcLM
White,Male,LjzxsZwRZs
White,Female,32ij4xXSZr
White,Male,LljsD2eTdG
White,Female,PSJMbFFcFu
CONSENT REVOKED,CONSENT REVOKED,RH8a22QWCF
CONSENT REVOKED,CONSENT REVOKED,z8D7wyVaze
CONSENT REVOKED,CONSENT REVOKED,MEsssVonur
Other,Male,A3JzHv8STj
Mixed,Female,7iMyt0YDv2
White,Female,A6BLyjknOc
White,Female,yDFaIrjer3
White,Male,aE7NIzA01y
White,Male,PAfj2xyBTD
White,Male,THAs89yt5K
White,Female,0Z9l7nPwbi
Mixed,Male,ssFBxDZw2V
Black,Male,rvcJVnknvp
Other,Male,0x77Yqo9Qo
White,Female,2r8RtWW7U9
White,Male,yz8MuLUMnl
White,Female,fOQGyLoupr
White,Female,MQeJbk7VZb
Asian,Male,XpV2IzX76K
Black,Male,45fpUeD9OX
White,Female,WlmfGp44aA
White,Male,PMZmXi6OKq
White,Female,hE0TONpo70
White,Female,HEWAa2npnd
White,Male,czoUfmo6Rd
White,Female,Oct8HQmObV
White,Male,y46XAn4TnS
Black,Female,qLttuTmQBE
Black,Female,YTlyK56A1V
White,Male,RREIBsYeaM
CONSENT REVOKED,CONSENT REVOKED,9sFXmDO7zM
White,Male,PuMEYvBUsd
White,Male,YYMIRktqzX
Black,Female,Vz4fHTeUWo
White,Male,JnKX1qFPNY
Asian,Female,hIuSHzHDyW
White,Male,IjSEcmALiJ
White,Male,8rWsVNNGtq
White,Female,D29qzzIhfM
White,Male,oOVcyJWcsL
White,Female,OiibHjZjhZ
White,Female,VPp6DoFoVP
Asian,Male,a3l9Ylb1Cr
White,Female,0JKt9xjA6I
White,Male,AO8daQj8G3
CONSENT REVOKED,CONSENT REVOKED,n9fTaw2PC5
White,Female,N0kAOPv83C
White,Female,UPvaGCuFtI
White,Male,0TAoMZjRE1
White,Female,HVVnR4YTVs
White,Male,3x4Ufjc92J
Asian,Female,Leuj9ZmuxG
White,Male,MU4gwdgyck
White,Female,1ePPZNc84d
White,Male,hN5YtJ1h0S
Asian,Male,xBpQ58SiYC
CONSENT REVOKED,CONSENT REVOKED,W5h9Z52NAE
Black,Female,EsHBvvTy36
Black,Male,i47Ali4RCC
White,Male,VVIgT3ORSD
White,Male,ZpbA20b6P1
White,Male,kgk67d69VM
White,Female,APQJGjgJDY
CONSENT REVOKED,CONSENT REVOKED,QklUiEDBkq
White,Male,2MJlSwaHQl
White,Female,r4A11dyJZ7
Black,Male,wk79PaaPY9
CONSENT REVOKED,CONSENT REVOKED,7xGRLYhji8
White,Male,ZBklcLlJsN
White,Female,ZCMixxDq0j
White,Female,ygNFwjHjkA
White,Male,c01LJ0zkTl
White,Female,Ib9rsCOB47
Asian,Male,gFX1qB4Vuc
Mixed,Male,OuFuSKqhO9
White,Male,a2nyJqwBNv
White,Male,Kv05TnXG0G
White,Female,11IQd4qJFd
White,Male,zEQ2k81eW1
White,Male,tPlQgeiVOC
Asian,Female,aEvlJeRfFU
Asian,Male,cPERMotR5w
White,Female,IYwEnJfdEO
Other,Female,sQpk3KP7jo
Mixed,Female,ZrjYbQVM1I
White,Male,WqQ1xvHhWM
White,Male,JTyyrR2Qef
White,Female,HhCChkFYMl
Black,Female,331A0FoRUv
Mixed,Female,QVeWt4LGED
White,Female,Ls15AMd7ep
White,Female,cjbg0EtRh1
White,Female,XKxDojjQQm
CONSENT REVOKED,CONSENT REVOKED,tRGFOKORlu
White,Female,j4CGPHm4Hl
White,Male,lYhtj3lOsv
White,Female,todJPKbaXD
Mixed,Male,tqYR1ixlLh
Asian,Female,tD8FgZRyDI
White,Male,nKP2XEwpZ9
White,Female,pCwmuoUSGZ
White,Female,CpamXKdMPs
CONSENT REVOKED,CONSENT REVOKED,D8wXpB8nfX
White,Male,MfscInsaag
White,Male,dVXsPzk9T2
White,Female,dFRh0vK10I
CONSENT REVOKED,CONSENT REVOKED,9y0SJZp2y9
Asian,Female,xGkuYxjCdQ
White,Female,aFWMRvIMF3
White,Female,Ep8YyWWHzz
White,Male,TA5Jfg3UqW
White,Male,fgBrCpRFW8
White,Male,F0wSJECQgx
CONSENT REVOKED,CONSENT REVOKED,thPZYeIRNN
White,Female,O2bMyBrKAY
White,Male,GPqFKkbxvz
Asian,Female,AURyhHsV0O
White,Male,ZmiyssuUmd
Asian,Female,G3OsmP4oGP
White,Female,xJKAshkoBu
White,Male,rGvoQNL8PJ
CONSENT REVOKED,CONSENT REVOKED,YfEbzpa5se
Asian,Female,vYJdvpxbbg
White,Female,pS4zrhOyf0
White,Female,N6lDKEpn93
CONSENT REVOKED,CONSENT REVOKED,vX8uZGM7nB
White,Male,CMDIHJ2ZmQ
White,Female,5tlcxnTEpY
White,Female,cPq1GO1LJz
White,Female,ynzO5270qO
White,Male,4Qg7NDaYHK
White,Male,yXg0gAqjag
White,Male,pFd0Rxkebr
White,Female,yHf3AII4ho
Other,Female,3EYvGabdln
White,Male,0tW0m7v4We
White,Female,YVq0qnk7Z1
White,Male,iMj6cXwsI4
White,Female,BpfnqFnuRG
Mixed,Female,yjNgYrJaRY
White,Female,rp9UfU0MtZ
White,Male,LOASEqbBPm
White,Female,bwNDn2yr60
White,Female,en8Exhj6fP
Other,Female,JWH4Bo1Jsd
White,Female,IFMmyNhyrT
White,Male,ZmP2IqUUet
White,Male,TaNyWI0Jqk
White,Male,VRuo9Y6tWZ
Asian,Female,PmxQVdV3Gm
Black,Male,B6Xgsr1Ndn
CONSENT REVOKED,CONSENT REVOKED,y1rtIBijG0
Other,Female,nDLR6VLjpO
White,Male,FuS9h6J9Zw
Other,Male,07FwW25vJD
Asian,Female,4tMBWnNeVZ
White,Male,LBSnRDTUYM
White,Male,ZDpUBdAMti
White,Male,WO8qeFS8Nn
White,Female,ecu17g2nG0
Asian,Female,dTZO1xo2Bi
White,Male,AlmKyKwdUp
Black,Female,MZkmQN9nNv
White,Male,dMfwf7M2hN
White,Male,Eo7m1ISKod
White,Male,xRLpC95k9x
Black,Female,jJSl6oGhKB
Mixed,Male,9y1Cq5NlpG
CONSENT REVOKED,CONSENT REVOKED,XyZZx850jq
Black,Female,EvuIE21Kej
Black,Male,eU1VAbnXrW
Black,Female,uTwgbhedaU
UNK,Male,pXDVmrUMgO
UNK,Male,05mZwyOBGX
UNK,CONSENT REVOKED,Vj6GyLunbK
UNK,Female,Xew1mMXzzU
UNK,Male,Vs1OAxb7Wy
UNK,Female,ZvzWTZ7P1R
UNK,Female,Nc6jfxV0ho
UNK,Male,Aki5cgCtL8
UNK,Female,WIXUwIZ9Ue
UNK,Male,QtTSO33Bc6
UNK,Male,W1jFr0WJh2
UNK,Male,lqAr4Qxn3P
UNK,Male,7YzJpwKrFp
UNK,Female,aN6UTwUWpl
UNK,Female,ZKSNMBOZbo
UNK,Female,J4MoBquUs7
